方法,样本数,删除数,MSE,RMSE,MAE,R²,CV_R²均值
原始数据,5421,4,80000046.7661291,8944.27452430487,5999.176186188872,0.5913005894687671,0.5907401951450598
Z-score(3σ),5344,81,54100020.964653686,7355.271644518215,5355.77933364873,0.6332780756583919,0.6242831116745851
IQR方法,5347,78,55921341.30769915,7478.057321771421,5341.790755644584,0.6340101080930594,0.6212851341060501
百分位数(1%-99%),5241,184,51952340.47255275,7207.797199738125,5373.756235580133,0.6462979487052777,0.6506895632206682
